name,performancDate,location
Buffalo Girls,2021-08-30 12:58:01,Immenstadt
Pleasures of the Flesh (Etsuraku),2021-09-24 21:20:11,Immenstadt
Show Boat,2022-06-27 14:03:52,Immenstadt
Harvey,2022-06-27 04:24:08,Immenstadt
"One, The",2020-09-05 01:23:04,Sonthofen
Sense and Sensibility,2020-12-17 03:26:21,Immenstadt
Genocide (Konchû daisensô),2020-06-02 19:59:36,Immenstadt
Diminished Capacity,2022-03-02 21:08:54,Sonthofen
Remote Control,2021-03-02 02:47:39,Sonthofen
Dangerous,2022-06-12 17:45:31,Immenstadt
Only God Forgives,2021-04-13 12:01:53,Immenstadt
Brother Rat,2021-06-24 09:04:36,Immenstadt
"Die, Mommie, Die",2021-08-09 06:48:01,Sonthofen
"Kiss Me, Guido",2022-06-18 18:14:19,Sonthofen
Trick or Treat,2022-02-14 10:04:48,Immenstadt
Halloween,2021-06-21 07:03:18,Sonthofen
Dr. Cyclops,2021-05-19 08:58:25,Immenstadt
"O Brother, Where Art Thou?",2021-07-02 17:37:05,Sonthofen
"Man Called Gannon, A",2022-05-05 11:10:58,Sonthofen
Venus & Fleur,2022-01-30 17:33:37,Sonthofen
God Bless Ozzy Osbourne,2020-06-17 16:44:06,Sonthofen
Taxidermia,2022-01-18 18:15:30,Sonthofen
What Alice Found,2022-06-17 00:14:45,Sonthofen
2:37,2021-01-22 01:21:06,Sonthofen
Love Before Breakfast,2020-03-29 22:10:09,Immenstadt
Black Death,2020-05-11 18:17:21,Immenstadt
We Are Young. We Are Strong.,2021-06-04 19:27:52,Immenstadt
Like You Know It All (Jal aljido mothamyeonseo),2021-03-21 19:20:04,Sonthofen
Fall Time,2022-04-05 08:41:32,Immenstadt
"Heart in Winter, A (Un coeur en hiver)",2022-06-08 18:52:17,Immenstadt
Beginning of the Great Revival (a.k.a. The Founding of a Party),2020-08-18 15:06:33,Sonthofen
See How They Fall (Regarde les hommes tomber),2021-10-21 23:05:30,Sonthofen
Limelight,2022-06-23 19:41:09,Sonthofen
"Sun Shines Bright, The",2022-07-10 12:57:42,Immenstadt
"Naked Kiss, The",2021-02-05 10:00:14,Immenstadt
"City, The (Ciudad, La)",2022-07-03 16:20:19,Immenstadt
Inferno,2021-03-02 17:15:46,Sonthofen
Blind Horizon,2020-03-30 07:14:48,Sonthofen
Aileen: Life and Death of a Serial Killer,2021-02-19 19:57:26,Sonthofen
"Loved One, The",2021-09-24 10:30:09,Immenstadt
Brown's Requiem,2020-03-04 14:51:01,Sonthofen
Winter Solstice,2021-02-22 09:46:10,Sonthofen
Out of the Ashes,2020-07-21 00:54:55,Sonthofen
Witless Protection,2021-02-23 11:28:46,Immenstadt
"Maze, The",2020-04-10 09:32:26,Immenstadt
"Abominable Snowman, The (Abominable Snowman of the Himalayas, The)",2022-03-05 18:25:19,Immenstadt
Tomorrow Never Dies,2021-03-13 01:27:32,Sonthofen
After Tiller,2022-06-24 12:52:20,Immenstadt
"Nanny, The",2022-03-16 12:07:54,Immenstadt
Rocky II,2021-06-07 02:36:37,Sonthofen
"Fine Pair, A (Ruba al prossimo tuo)",2020-03-17 23:50:45,Sonthofen
Mr. Moto's Last Warning,2021-11-09 19:46:36,Immenstadt
Park Row,2020-07-29 01:24:14,Sonthofen
"Company of Wolves, The",2021-09-21 14:25:04,Immenstadt
The Little Death,2021-05-04 00:18:44,Sonthofen
"Watch, The",2022-07-13 02:56:38,Sonthofen
Gacy,2020-06-16 12:47:35,Immenstadt
Winter Light (Nattvardsgästerna),2020-07-14 01:20:58,Immenstadt
"Wild Blue Yonder, The",2021-06-25 23:51:31,Immenstadt
Death Hunt,2022-04-02 08:22:26,Immenstadt
Faith School Menace?,2022-04-23 05:50:20,Immenstadt
"Rachel Papers, The",2020-03-30 14:36:31,Immenstadt
"Blackout, The",2022-04-18 17:14:29,Sonthofen
Meet the Robinsons,2021-05-02 17:26:36,Immenstadt
Milky Way (Tejút),2022-05-12 23:48:31,Immenstadt
Platform (Zhantai),2021-01-14 06:52:34,Immenstadt
Butterfly (La lengua de las mariposas),2021-08-23 17:56:18,Sonthofen
Fear Island,2020-10-16 07:22:52,Immenstadt
Who Are the DeBolts? [And Where Did They Get 19 Kids?],2020-04-30 19:03:27,Immenstadt
Dragon Ball GT: A Hero's Legacy (Doragon bôru GT: Gokû gaiden! Yûki no akashi wa sû-shin-chû),2022-01-27 12:29:40,Immenstadt
"Beastmaster, The",2021-11-29 21:15:04,Sonthofen
My Girl 2,2022-07-09 11:56:51,Immenstadt
Dollman vs. Demonic Toys,2022-04-05 11:18:50,Immenstadt
Lethal Weapon 3,2020-09-20 00:53:25,Sonthofen
Think Like a Man,2021-05-19 15:52:01,Immenstadt
"Wave, The (Welle, Die)",2020-05-06 10:56:14,Immenstadt
L.I.E.,2021-07-03 02:07:59,Immenstadt
"Blair Witch Project, The",2020-05-15 00:35:39,Sonthofen
Dingo,2020-03-20 21:00:51,Immenstadt
"Gospel of John, The",2022-07-19 02:54:49,Sonthofen
The Return of Ringo,2020-11-01 10:50:33,Immenstadt
Desk Set,2020-12-17 15:10:07,Sonthofen
"Three Musketeers, The",2022-01-10 15:28:38,Sonthofen
Taistelu Näsilinnasta 1918,2021-06-18 17:53:35,Sonthofen
Easier with Practice,2020-10-24 01:09:37,Sonthofen
Julius Caesar,2022-03-04 12:00:17,Immenstadt
"Babadook, The",2021-12-21 10:18:15,Immenstadt
Angel of Death,2020-05-15 00:01:10,Sonthofen
8 Seconds,2020-08-08 03:56:56,Sonthofen
"Above the Street, Below the Water (Over gaden under vandet)",2021-02-09 15:31:32,Sonthofen
"Black Box, The (La boîte noire)",2021-03-19 14:22:00,Sonthofen
Barcelona,2020-04-07 01:22:50,Sonthofen
"Gold Rush, The",2022-06-15 04:40:49,Immenstadt
Convoy,2020-03-23 04:15:45,Sonthofen
"Thirty-Nine Steps, The",2021-01-13 03:05:52,Immenstadt
What Matters Most,2021-11-04 02:44:15,Immenstadt
Blood Beach,2022-01-29 03:19:47,Immenstadt
Soul Surfer,2021-06-10 11:29:09,Immenstadt
Listen Up Philip,2020-05-28 02:44:54,Immenstadt
Gunless,2021-01-07 13:22:56,Sonthofen
Reindeerspotting - Pako joulumaasta,2022-06-20 03:21:37,Sonthofen
Man Trouble,2021-11-26 01:50:11,Sonthofen
Under the Rainbow,2020-10-11 16:49:32,Sonthofen
Mr. Deeds,2021-02-03 15:02:11,Sonthofen
Operation Ganymed,2020-03-12 16:30:02,Immenstadt
Wide Awake,2020-09-29 13:41:10,Immenstadt
Taxidermia,2021-07-16 00:52:02,Immenstadt
Wheel of Time,2021-07-15 10:52:45,Sonthofen
Cremaster 2,2020-09-19 13:20:35,Immenstadt
Jack Strong,2021-06-10 21:44:49,Immenstadt
"Who Are you Polly Maggoo (Qui êtes-vous, Polly Maggoo?)",2020-03-31 06:56:28,Sonthofen
Hudson Hawk,2021-10-02 10:38:55,Immenstadt
Private School,2021-04-06 06:52:25,Sonthofen
You're a Big Boy Now,2020-07-10 21:10:48,Immenstadt
Warning Shadows (Schatten - Eine nächtliche Halluzination),2020-03-03 17:59:19,Sonthofen
Ghost Rider,2020-12-08 01:42:33,Immenstadt
Winnie the Pooh and a Day for Eeyore,2020-07-11 05:11:03,Sonthofen
Showgirls,2022-02-10 02:46:56,Sonthofen
"Bridal Party in Hardanger, The (Brudeferden i Hardanger)",2020-03-07 23:19:49,Immenstadt
"Color of Pomegranates, The (Sayat Nova)",2022-03-23 05:41:53,Sonthofen
Union Station,2020-10-01 06:34:18,Immenstadt
Flandres (Flanders),2022-03-05 01:30:27,Immenstadt
Magnificent Obsession,2021-07-21 06:41:48,Sonthofen
Indiscretion of an American Wife (a.k.a. Terminal Station) (Stazione Termini),2021-03-05 13:14:00,Immenstadt
Harper Valley P.T.A.,2021-03-05 19:00:55,Immenstadt
"Three and Out (Deal Is a Deal, A)",2021-07-26 11:23:43,Immenstadt
Kingdom of the Spiders,2021-07-29 14:03:13,Sonthofen
Road to Redemption,2020-07-26 23:17:38,Immenstadt
Satyricon,2020-07-17 04:43:13,Immenstadt
Conquest of the Planet of the Apes,2021-06-07 12:45:23,Immenstadt
Paperman,2022-02-28 14:59:40,Sonthofen
Ghajini,2022-03-18 16:04:06,Sonthofen
Duck Season (Temporada de patos),2022-05-30 02:43:34,Immenstadt
Julia,2021-08-12 19:09:42,Sonthofen
Happy End,2021-05-06 04:40:07,Sonthofen
Resident Evil,2020-11-30 05:17:19,Sonthofen
"Story of Three Loves, The",2022-06-15 02:09:20,Immenstadt
Stanley & Iris,2020-09-03 02:12:12,Sonthofen
Tea and Sympathy,2021-04-27 23:06:32,Immenstadt
61*,2021-03-04 05:23:34,Sonthofen
Human Capital (Il capitale umano),2020-10-25 04:48:21,Immenstadt
Schwarze Sonne,2021-05-01 14:33:51,Immenstadt
Attila,2022-04-30 06:59:31,Sonthofen
Bon Voyage,2021-04-08 03:12:15,Immenstadt
"American Friend, The (Amerikanische Freund, Der)",2022-02-17 04:40:26,Sonthofen
"Quiet Ones, The",2021-05-27 07:27:31,Sonthofen
We Were Soldiers,2021-03-31 12:59:58,Immenstadt
French Fried Vacation 2 (Les bronzés font du ski),2020-07-17 01:01:10,Sonthofen
"Devil's Tomb, The",2022-07-02 02:53:59,Immenstadt
Gamera vs. Viras ,2020-05-13 16:38:30,Sonthofen
Fracture,2020-04-03 03:57:57,Immenstadt
"Third Part of the Night, The (Trzecia czesc nocy)",2021-05-28 04:43:15,Immenstadt
Gentleman's Agreement,2021-11-07 16:08:42,Sonthofen
"Dead Calling, A",2022-04-29 17:47:22,Immenstadt
Used People,2022-05-02 06:41:45,Immenstadt
Advise and Consent,2021-01-05 22:44:14,Immenstadt
Fruitvale Station,2021-03-13 13:00:33,Immenstadt
"Woodsman, The",2022-02-25 17:06:13,Sonthofen
Reincarnation,2020-05-19 03:25:13,Sonthofen
Bio Zombie (Sun faa sau si),2022-01-20 02:39:14,Sonthofen
"New Wave, A",2022-06-04 08:49:10,Immenstadt
Suture,2020-08-19 10:39:01,Immenstadt
"Institute, The",2020-11-14 03:01:11,Sonthofen
Presumed Guilty (Presunto culpable),2020-07-05 13:25:45,Immenstadt
The Seven-Ups,2020-11-27 13:15:26,Sonthofen
"Fountainhead, The",2021-06-09 17:44:19,Sonthofen
"Housekeeper, The (femme de ménage, Une)",2020-06-11 11:44:30,Immenstadt
Next,2021-06-21 08:14:31,Immenstadt
Shakedown,2022-02-20 06:35:58,Sonthofen
Trio,2020-08-09 06:43:16,Immenstadt
"Man Without a Past, The (Mies vailla menneisyyttä)",2020-07-05 17:17:33,Immenstadt
Under Suspicion,2021-11-02 15:56:34,Sonthofen
"Villain, The (Ek Villain)",2022-07-02 14:57:44,Immenstadt
Detective Dee and the Mystery of the Phantom Flame (Di Renjie),2020-03-13 07:43:00,Sonthofen
Privates on Parade,2021-07-12 02:27:37,Immenstadt
"Day the Earth Caught Fire, The",2021-09-08 16:20:05,Immenstadt
"Boys and Girls Guide to Getting Down, The",2021-02-05 01:49:29,Sonthofen
"Ciao, Professore! (Io speriamo che me la cavo)",2021-05-11 15:37:01,Sonthofen
Emitai,2021-01-01 18:22:32,Sonthofen
Accused (Anklaget),2021-02-04 16:14:37,Sonthofen
"Misérables, Les",2021-11-28 06:17:10,Immenstadt
Blindman,2020-10-01 11:43:16,Immenstadt
Old Man Drinking a Glass of Beer,2021-08-14 05:26:55,Sonthofen
Jo Pour Jonathan,2021-02-09 15:53:33,Immenstadt
Skyfall,2020-05-06 14:17:20,Immenstadt
"Electric Boogaloo: The Wild, Untold Story of Cannon Films",2022-04-08 09:49:17,Immenstadt
Liebestraum,2022-02-10 16:42:51,Immenstadt
Chained Heat,2021-01-07 08:21:26,Sonthofen
Lumumba,2020-08-13 22:02:03,Immenstadt
"Covenant, The",2021-07-02 15:26:02,Sonthofen
Blood Done Sign My Name,2021-05-29 12:22:29,Immenstadt
Colonel Redl (Oberst Redl),2020-12-21 09:33:41,Sonthofen
Thirty Seconds Over Tokyo,2021-06-12 06:49:49,Sonthofen
Kidnap Syndicate,2021-04-05 12:50:07,Sonthofen
Teen Wolf,2020-11-11 01:24:12,Sonthofen
Ingeborg Holm,2020-12-04 15:48:01,Immenstadt
"Escapist, The",2022-06-23 05:58:12,Sonthofen
"Truth About Emanuel, The",2021-01-03 00:22:59,Immenstadt
Saint Joan,2022-04-07 14:54:42,Immenstadt
The Reunion,2020-09-21 04:01:52,Sonthofen
Save the Green Planet! (Jigureul jikyeora!),2021-11-22 17:24:54,Sonthofen
My Foolish Heart,2020-12-13 06:20:39,Immenstadt
"Eel, The (Unagi)",2021-05-23 12:42:40,Sonthofen
"Lodger: A Story of the London Fog, The",2020-12-07 19:07:41,Sonthofen
Escape From Tomorrow,2021-04-01 15:56:14,Sonthofen
Agnosia,2021-07-06 20:43:09,Sonthofen
Night and Day,2021-06-28 13:13:24,Immenstadt
"Task, The",2021-06-27 16:33:53,Immenstadt
Major Dundee,2020-05-02 04:32:44,Immenstadt
Lookin' to Get Out,2020-09-24 19:03:55,Immenstadt
Meet Joe Black,2020-11-25 21:43:39,Sonthofen
Friends of God: A Road Trip with Alexandra Pelosi,2020-03-18 17:26:42,Immenstadt
Battle of Los Angeles,2022-05-24 16:20:32,Sonthofen
Observe and Report,2021-12-12 07:27:38,Immenstadt
"Love, etc.",2020-10-11 11:10:58,Immenstadt
Student Bodies,2021-08-17 06:11:14,Sonthofen
Splinterheads,2021-10-21 11:14:35,Sonthofen
Jay And Silent Bob's Super Groovy Cartoon Movie,2021-12-01 03:30:09,Immenstadt
Those Who Love Me Can Take the Train (Ceux qui m'aiment prendront le train),2021-03-02 03:59:40,Sonthofen
Rosewood Lane,2020-04-12 00:48:28,Sonthofen
"Dream of Light (a.k.a. Quince Tree Sun, The) (Sol del membrillo, El)",2020-11-07 15:41:26,Immenstadt
I Hate But Love (Nikui an-chikushô),2022-01-01 13:11:06,Immenstadt
Living Death,2022-05-07 23:41:48,Sonthofen
"Reaping, The",2021-06-04 18:12:14,Sonthofen
Antisocial,2021-12-31 00:51:57,Immenstadt
Rock Star,2021-06-27 00:10:40,Sonthofen
Stone of Destiny,2020-10-18 05:42:19,Sonthofen
Vera Drake,2021-02-10 17:49:42,Sonthofen
Joan Rivers: A Piece of Work,2022-03-27 09:20:54,Sonthofen
Frisk,2020-05-17 06:52:22,Immenstadt
Why Has Bodhi-Dharma Left for the East?: A Zen Fable (Dharmaga tongjoguro kan kkadalgun),2020-03-13 09:41:44,Immenstadt
Titicut Follies,2021-04-20 22:33:15,Immenstadt
Eight Below,2022-07-07 04:33:05,Immenstadt
"Trumpet of the Swan, The",2020-05-31 07:19:41,Sonthofen
"Shootist, The",2022-03-05 06:06:05,Sonthofen
Just a Gigolo,2020-09-19 12:31:57,Sonthofen
A.K.A. Don Bonus,2021-07-01 03:58:06,Immenstadt
Superman,2021-01-09 09:02:23,Immenstadt
"Day the Sun Turned Cold, The (Tianguo niezi)",2021-05-31 00:34:31,Immenstadt
"Hippie Revolution, The",2021-10-27 00:52:47,Sonthofen
The Forgotten Woman,2021-08-15 11:25:05,Immenstadt
"Black Scorpion, The",2022-04-09 08:02:18,Immenstadt
"Black Box, The (La boîte noire)",2020-10-08 02:52:51,Sonthofen
Zindagi Na Milegi Dobara,2021-10-14 13:27:34,Sonthofen
"Scapegoat, The",2021-04-05 08:35:11,Immenstadt
Slam Dance,2022-02-23 06:56:48,Sonthofen
Bunnyman,2022-04-30 10:31:14,Sonthofen
Kazaam,2021-02-01 18:05:38,Sonthofen
Ismael,2021-07-05 09:54:22,Sonthofen
"Unintentional Kidnapping of Mrs. Elfriede Ott, The (Die Unabsichtliche Entführung der Frau Elfriede Ott)",2022-07-02 04:25:14,Immenstadt
"Patriot, The",2021-04-11 03:48:42,Immenstadt
Forget Me Not,2021-12-31 09:32:31,Sonthofen
The Magic Crystal,2021-11-15 04:43:16,Sonthofen
"Lady Takes a Chance, A",2021-08-25 23:03:21,Immenstadt
Separate Tables,2022-06-24 11:54:49,Immenstadt
Freeheld,2021-06-06 14:04:52,Immenstadt
When Strangers Appear,2021-01-11 08:10:13,Sonthofen
Quartet,2021-02-09 20:52:48,Immenstadt
Poltergeist III,2022-03-04 08:03:57,Immenstadt
Mr. Mom,2022-06-18 13:35:25,Immenstadt
"Phantom, The",2021-06-24 22:16:22,Sonthofen
Extract,2021-12-02 20:58:00,Immenstadt
Wonderful Days (a.k.a. Sky Blue),2021-06-14 04:06:46,Immenstadt
Sexy Baby,2021-08-09 01:08:14,Immenstadt
"Mill and the Cross, The",2020-08-07 00:35:22,Immenstadt
The Phantom of the Opera,2022-06-17 11:33:19,Sonthofen
Only You,2020-07-17 08:36:06,Sonthofen
Return to the 36th Chamber (Shao Lin da peng da shi) ,2021-10-25 10:18:20,Sonthofen
Where Is Fred!? (Wo ist Fred?),2021-06-16 23:01:10,Sonthofen
Madame Rosa (La vie devant soi),2020-11-05 14:59:50,Sonthofen
Small Faces,2021-12-05 08:43:20,Immenstadt
"Skin, Skin (Käpy selän alla)",2020-07-20 20:18:52,Immenstadt
"Alarmist, The (a.k.a. Life During Wartime)",2020-05-09 12:09:03,Sonthofen
Buddy Boy,2020-10-13 17:41:24,Sonthofen
Necessary Roughness,2022-07-12 10:54:06,Immenstadt
Pekka ja Pätkä salapoliiseina,2021-08-06 03:20:57,Sonthofen
"American Werewolf in Paris, An",2021-06-28 08:05:07,Immenstadt
We Need a Vacation (Fais-moi des vacances),2021-11-10 10:25:28,Sonthofen
Transformers: The Movie,2021-02-15 07:11:42,Immenstadt
Muzi v nadeji,2022-03-08 12:02:46,Sonthofen
"Frisco Kid, The",2021-12-21 00:50:29,Sonthofen
Lawyer Man,2021-02-10 20:02:04,Immenstadt
Going to Pieces: The Rise and Fall of the Slasher Film,2020-09-03 11:12:15,Immenstadt
Stardom,2021-02-18 01:03:51,Sonthofen
"Boys & Girl from County Clare, The (a.k.a. The Boys from County Clare)",2020-03-31 00:29:46,Immenstadt
Johnny Be Good,2022-03-05 10:47:42,Immenstadt
Harry Brown,2021-04-28 23:25:32,Sonthofen
Les disparus de Saint-Agil,2020-08-01 11:57:25,Immenstadt
"Osterman Weekend, The",2020-03-14 00:32:35,Sonthofen
"Girl Cut in Two, The (Fille coupée en deux, La)",2022-06-25 08:02:27,Immenstadt
Sweet Bird of Youth,2020-08-08 03:51:51,Sonthofen
Ninja: Shadow of a Tear,2020-08-15 07:06:47,Immenstadt
Michael the Brave (Mihai Viteazul),2021-06-08 09:28:26,Immenstadt
"Magic Voyage of Sindbad, The (Sadko)",2021-07-28 23:09:59,Sonthofen
Oscar and the Lady in Pink,2020-04-01 13:28:37,Immenstadt
Chase a Crooked Shadow,2021-06-02 04:21:11,Immenstadt
The Conrad Boys,2022-04-14 22:00:58,Immenstadt
Vieraalla maalla,2021-04-16 06:21:02,Immenstadt
Transylvania,2021-02-11 19:37:09,Sonthofen
"Last Trapper, The (Le dernier trappeur)",2020-03-20 13:51:17,Immenstadt
Adam & Paul,2021-12-11 22:05:34,Immenstadt
"Teacher, A",2020-10-02 17:21:30,Sonthofen
Cold Comfort Farm,2020-09-12 14:32:14,Sonthofen
"Misérables, Les",2022-01-27 19:44:19,Immenstadt
Life Partners,2021-03-15 10:42:25,Sonthofen
I Accuse,2021-07-08 18:18:57,Sonthofen
Ghost in the Shell Arise - Border 1: Ghost Pain,2022-05-27 14:27:33,Sonthofen
"Naked Gun 2 1/2: The Smell of Fear, The",2022-02-27 11:08:06,Sonthofen
"Fantastic Night, The (Nuit fantastique, La)",2021-05-14 19:12:38,Sonthofen
Jalla! Jalla!,2020-10-15 05:58:17,Immenstadt
Thumbelina,2020-10-06 22:36:46,Sonthofen
Jönssonligan - Den perfekta stöten,2020-11-18 19:39:19,Sonthofen
Connections,2021-02-08 20:52:33,Sonthofen
Laggies,2022-06-18 14:38:55,Immenstadt
Ocean's Eleven (a.k.a. Ocean's 11),2021-10-05 13:28:46,Immenstadt
Yossi (Ha-Sippur Shel Yossi),2022-05-23 15:45:00,Immenstadt
"Zorro, the Gay Blade",2020-10-21 04:32:52,Immenstadt
"Last Hangman, The (Pierrepoint)",2022-01-17 02:18:11,Sonthofen
Albert Nobbs,2021-12-29 11:50:16,Sonthofen
I Love You Again,2021-06-24 11:27:37,Sonthofen
"Reluctant Dragon, The",2022-04-17 04:45:47,Sonthofen
Something Wild,2022-03-16 19:10:15,Sonthofen
"Mistress of Spices, The",2021-08-21 00:27:30,Immenstadt
"Deathmaker, The (Totmacher, Der)",2020-03-08 18:41:56,Immenstadt
Towelhead (a.k.a. Nothing is Private),2022-01-08 18:38:11,Immenstadt
Rumor Has It...,2021-08-02 09:41:38,Immenstadt
"Fûke, De",2020-12-01 16:58:45,Immenstadt
Trinity and Beyond,2020-08-31 22:58:26,Sonthofen
Irma la Douce,2020-06-04 15:36:35,Immenstadt
Celine and Julie Go Boating (Celine et Julie vont en bateau),2020-09-12 14:06:50,Sonthofen
"Next Three Days, The",2020-08-06 08:50:11,Immenstadt
Kiss or Kill,2021-12-07 07:01:54,Sonthofen
Kind Hearts and Coronets,2020-03-04 05:41:06,Sonthofen
"Avenging Conscience, The",2022-03-19 03:02:59,Sonthofen
Café de Flore,2021-03-01 00:47:48,Immenstadt
Unmistaken Child,2020-10-18 05:41:53,Sonthofen
I Never Promised You a Rose Garden,2022-07-01 05:01:06,Sonthofen
"Act of Seeing with One's Own Eyes, The ",2021-05-06 14:05:33,Sonthofen
"Brotherhood of the Wolf (Pacte des loups, Le)",2020-05-08 22:18:35,Immenstadt
W.W. and the Dixie Dancekings,2020-10-21 08:58:21,Sonthofen
American Heist,2020-09-02 21:12:06,Sonthofen
"Beaver, The",2020-08-20 07:41:30,Immenstadt
"Month by the Lake, A",2020-06-01 14:30:44,Immenstadt
Daddy Long Legs,2022-06-14 10:23:42,Immenstadt
"Rock, The",2020-03-27 22:46:50,Sonthofen
Jodhaa Akbar,2021-11-13 06:59:07,Immenstadt
Ouija,2020-11-18 18:06:25,Immenstadt
Curse of the Pink Panther,2020-04-29 09:26:35,Immenstadt
"Hunter, The",2020-08-15 16:51:54,Sonthofen
I Wish (Kiseki),2022-01-29 20:28:09,Immenstadt
Open Range,2020-09-10 10:21:35,Immenstadt
Junior Bonner,2020-11-08 15:59:43,Immenstadt
Mike Birbiglia: My Girlfriend's Boyfriend,2021-06-23 10:23:42,Immenstadt
Panic,2022-03-17 16:11:51,Sonthofen
Our Children (À perdre la raison),2021-11-24 21:58:53,Sonthofen
Outrageous Fortune,2021-07-02 19:18:09,Sonthofen
Girlhood,2021-11-28 06:23:01,Immenstadt
Greenberg,2020-03-06 18:17:12,Sonthofen
Suck,2021-06-13 00:46:30,Sonthofen
Doctor Dolittle,2021-09-08 10:28:35,Immenstadt
Finding North,2021-11-23 16:06:09,Sonthofen
"Designated Mourner, The",2021-09-22 06:44:05,Sonthofen
Water Drops on Burning Rocks,2022-07-14 03:17:13,Sonthofen
How to Kill Your Neighbor's Dog,2021-12-21 10:37:52,Immenstadt
"Last House on the Left, The",2021-09-14 19:52:13,Sonthofen
"Secret Garden, The",2020-06-06 23:47:11,Immenstadt
"River, The",2022-07-18 17:23:44,Sonthofen
Dim Sum: A Little Bit of Heart,2022-04-06 17:48:54,Sonthofen
"Navigator, The",2020-07-16 19:58:27,Immenstadt
The King and Four Queens,2022-03-06 12:12:41,Immenstadt
Murphy's Law,2022-06-21 02:10:57,Sonthofen
Pitch Perfect,2021-08-20 10:01:29,Immenstadt
Kiss of the Spider Woman,2020-07-14 13:19:42,Immenstadt
Bringing Up Bobby,2020-12-12 19:04:49,Sonthofen
Road to Perdition,2021-10-25 10:03:05,Immenstadt
"Nine Lives of Fritz the Cat, The",2020-11-03 08:59:02,Immenstadt
Wimbledon,2020-05-08 04:16:38,Immenstadt
Secrets of the Tribe,2020-06-28 05:55:48,Sonthofen
"King Is Alive, The",2020-07-09 07:29:35,Immenstadt
Answers to Nothing,2020-08-23 06:05:53,Sonthofen
Rapado,2021-02-02 05:47:49,Immenstadt
Taxi!,2021-05-12 15:30:08,Sonthofen
Hook,2022-07-09 21:15:21,Immenstadt
"Merchant of Four Seasons, The (Händler der vier Jahreszeiten)",2020-12-19 10:30:25,Sonthofen
"Rutles 2: Can't Buy Me Lunch, The",2022-06-26 14:57:15,Sonthofen
Fraulein (Das Fräulein) ,2021-11-16 22:01:51,Sonthofen
Trick or Treat,2020-12-30 19:12:59,Sonthofen
Village People Radio Show (Apa khabar orang kampung),2020-09-02 04:20:22,Immenstadt
"Mean Season, The",2020-11-25 16:34:10,Immenstadt
"Thief of Bagdad, The",2021-08-16 11:49:09,Sonthofen
"Nun, The (La religieuse)",2021-01-22 23:21:59,Immenstadt
Princess Mononoke (Mononoke-hime),2021-11-22 09:07:11,Sonthofen
Dear White People,2020-10-28 03:50:15,Sonthofen
"Book of Life, The",2022-05-03 10:18:07,Immenstadt
High Hopes,2022-06-22 16:16:55,Sonthofen
"Messengers, The",2021-03-17 04:55:57,Sonthofen
The True Story of Puss 'n Boots,2020-08-14 15:22:33,Immenstadt
Shiner,2021-12-10 18:11:35,Immenstadt
"Fisher King, The",2020-04-22 11:05:50,Immenstadt
"Prince & Me, The",2021-05-17 15:35:21,Sonthofen
Retribution (Sakebi),2021-08-04 07:10:45,Immenstadt
Apocalypto,2020-08-15 01:47:06,Immenstadt
Blood Moon,2021-10-14 01:35:15,Sonthofen
Beauty and the Beast: The Enchanted Christmas,2021-08-10 15:58:49,Sonthofen
"Dirty Dozen, The: The Fatal Mission",2021-04-26 10:56:41,Immenstadt
"Last Command, The",2020-07-26 11:30:53,Sonthofen
I Am Legend,2022-05-01 07:04:43,Sonthofen
The Clowns,2022-01-28 02:41:37,Sonthofen
Madame Bovary,2020-12-29 22:57:58,Sonthofen
Sabah,2021-01-09 08:43:38,Sonthofen
Centennial,2020-04-16 13:27:42,Immenstadt
Robinson in Space,2021-09-19 05:43:27,Immenstadt
Jackass Presents: Bad Grandpa,2021-07-17 02:12:18,Sonthofen
Helsinki Napoli All Night Long,2022-03-31 09:09:40,Immenstadt
Because I Said So,2020-09-11 00:04:40,Immenstadt
Masculin Féminin,2021-08-06 01:55:11,Sonthofen
"Devil Dared Me To, The",2021-11-30 12:53:03,Sonthofen
Shriek If You Know What I Did Last Friday the Thirteenth,2021-09-23 00:19:46,Sonthofen
"Fly II, The",2021-07-06 13:50:00,Immenstadt
"Motivation, The",2021-10-14 01:00:29,Immenstadt
"Maybe, Maybe Not (Bewegte Mann, Der)",2020-03-02 07:33:18,Sonthofen
Act of Aggression,2020-12-15 03:43:16,Immenstadt
Spider Lilies (Ci qing),2022-01-15 08:03:22,Immenstadt
"Expert, The",2021-09-11 09:11:46,Sonthofen
To Hell and Back,2021-09-18 13:03:04,Immenstadt
Firecreek,2020-04-27 00:07:02,Immenstadt
Who Is Killing the Great Chefs of Europe?,2021-06-15 10:31:52,Immenstadt
"Kids, The (Mistons, Les) (Mischief Makers, The)",2021-02-08 15:20:01,Immenstadt
Throw Momma from the Train,2022-04-09 02:14:27,Immenstadt
Maniac Cop,2021-04-22 13:45:50,Immenstadt
Regeneration,2020-11-08 10:16:53,Immenstadt
King of Beggars (Mo jong yuen So Hat-Yi),2021-09-24 16:19:41,Sonthofen
Giants and Toys (Kyojin to gangu),2021-03-22 20:32:22,Immenstadt
"Delphine 1, Yvan 0",2020-10-08 02:13:12,Immenstadt
Witness for the Prosecution,2020-07-21 02:06:12,Immenstadt
Little Women,2021-12-15 08:09:43,Immenstadt
Navajo Joe,2021-01-26 04:25:16,Immenstadt
Experiment in Terror,2021-06-24 10:26:01,Sonthofen
Sybil,2020-08-26 16:12:37,Sonthofen
Bestseller (Be-seu-teu-sel-leo),2021-05-15 00:40:51,Immenstadt
200 Motels,2020-06-09 10:06:07,Sonthofen
To the Limit (Am Limit),2021-09-16 13:16:26,Immenstadt
Fire on the Mountain,2022-02-17 05:13:15,Sonthofen
Scarecrow,2020-04-10 03:18:15,Sonthofen
Black on White (Mustaa valkoisella),2020-07-05 12:28:30,Immenstadt
Prime Suspect 7: The Final Act,2021-04-21 16:21:32,Sonthofen
Gregoire Moulin vs. Humanity (Grégoire Moulin contre l'humanité),2020-09-17 18:49:45,Immenstadt
Samurai Cop,2020-09-29 15:02:12,Sonthofen
"Man, The",2021-10-13 07:15:30,Immenstadt
"Night the Lights Went Out in Georgia, The",2020-11-18 03:44:35,Sonthofen
Child's Pose,2020-05-17 22:07:29,Immenstadt
Prairie Fever,2022-03-09 16:49:03,Sonthofen
"Addams Family, The",2022-04-24 04:08:09,Sonthofen
"Miracle of Morgan's Creek, The",2021-07-30 12:26:43,Sonthofen
March or Die,2020-09-14 04:12:11,Sonthofen
Secrets of the Tribe,2021-08-27 16:09:51,Immenstadt
G.B.F.,2020-12-13 09:45:36,Immenstadt
"Like Father, Like Son (Soshite chichi ni naru)",2021-04-17 09:35:21,Sonthofen
Majesteit,2021-10-10 17:08:47,Sonthofen
"Hammer, The",2020-06-02 22:18:53,Immenstadt
"Round Up, The (La Rafle)",2022-01-05 00:42:04,Sonthofen
Fantastic Mr. Fox,2021-09-12 07:14:03,Immenstadt
Two for the Money,2020-12-29 01:33:04,Sonthofen
Brother,2022-05-21 07:19:26,Sonthofen
"All Dogs Christmas Carol, An",2020-08-08 21:39:52,Sonthofen
James Dean Remembered,2022-02-27 01:17:46,Immenstadt
Kommissarie Späck,2020-04-02 11:58:35,Immenstadt
18 Fingers of Death!,2021-09-26 08:51:45,Immenstadt
Breakdown,2021-01-10 12:32:09,Sonthofen
Female Agents (Les femmes de l'ombre),2022-01-17 10:07:01,Immenstadt
Demon Lover Diary,2020-08-30 16:49:29,Immenstadt
Born to Raise Hell,2020-12-24 08:59:54,Immenstadt
"Small Change (Argent de poche, L')",2020-05-28 11:39:54,Sonthofen
Dumb & Dumber (Dumb and Dumber),2020-09-15 12:18:58,Immenstadt
Not Another Not Another Movie,2022-01-22 04:41:27,Immenstadt
"Color Purple, The",2021-04-16 07:44:21,Sonthofen
PK,2020-08-17 16:20:31,Sonthofen
Wanted: Dead or Alive,2020-07-02 20:06:34,Sonthofen
Station West,2022-07-11 11:44:21,Immenstadt
Safe in Hell,2021-12-01 21:35:18,Sonthofen
Chori Chori Chupke Chupke,2020-05-13 06:25:47,Immenstadt
Manon of the Spring,2022-04-12 06:47:28,Sonthofen
"Vernon, Florida",2021-11-30 04:14:16,Sonthofen
Rain or Shine,2022-03-27 11:26:01,Immenstadt
Nobody's Baby,2021-05-05 12:27:40,Immenstadt
Man Facing Southeast (Hombre mirando al sudeste),2020-11-26 21:56:18,Immenstadt
Watchmen: Tales of the Black Freighter,2020-07-11 11:39:07,Immenstadt
"Merry Widow, The",2020-08-21 04:49:16,Sonthofen
Taifu Club (Taifû kurabu),2021-02-08 16:44:40,Sonthofen
Nomad (Köshpendiler),2020-03-10 18:06:56,Immenstadt
Sphinx,2020-09-06 20:34:48,Immenstadt
Real Steel,2021-10-18 12:57:00,Immenstadt
Planet 51,2021-02-19 11:50:05,Sonthofen
Bad Boys II,2022-01-16 03:01:36,Immenstadt
"Crimson Kimono, The",2020-06-30 21:18:13,Immenstadt
"Cadaver Christmas, A",2020-06-27 21:46:32,Immenstadt
Wrong Cops,2022-02-13 04:53:05,Sonthofen
Boy on a Dolphin,2022-02-01 15:25:49,Immenstadt
Jump Tomorrow,2022-07-01 23:00:04,Immenstadt
1408,2022-04-09 02:56:54,Immenstadt
In the Land of Women,2021-03-24 08:47:55,Immenstadt
Colorado Territory,2020-11-20 19:15:15,Sonthofen
Apartment 4E ,2021-03-07 07:17:48,Immenstadt
Mad Money,2020-05-01 09:00:53,Immenstadt
Personal Velocity,2020-11-26 11:29:39,Immenstadt
"House by the Cemetery, The (Quella villa accanto al cimitero)",2022-04-15 05:21:09,Sonthofen
Peculiarities of the National Hunt (Osobennosti natsionalnoy okhoty) ,2022-03-05 00:00:05,Immenstadt
Surviving the Game,2021-08-17 14:32:22,Sonthofen
Detroit,2021-01-11 03:51:45,Sonthofen
Prom Night,2021-08-20 06:01:34,Sonthofen
Mr. Saturday Night,2020-07-09 16:39:55,Immenstadt
Murder by Death,2020-08-07 06:45:27,Sonthofen
Kvarteret Skatan reser till Laholm,2020-06-23 12:28:21,Sonthofen
Whistling in the Dark,2020-05-25 00:24:36,Sonthofen
Pumpkin,2021-03-13 07:28:45,Immenstadt
HE Who Gets Slapped,2020-10-04 16:15:52,Sonthofen
Shenandoah,2021-09-02 10:49:05,Sonthofen
Logan's Run,2021-08-22 19:33:34,Immenstadt
Prinsessa (Starring Maja),2021-09-06 12:53:19,Immenstadt
Känd från TV,2021-09-15 15:56:23,Immenstadt
Paranoia Agent,2021-07-22 23:55:31,Immenstadt
Cosmos,2020-08-04 17:07:18,Immenstadt
The Missionaries,2021-03-09 05:41:13,Immenstadt
Dot the I,2022-06-28 23:23:12,Immenstadt
Little Secrets,2022-01-25 15:05:23,Immenstadt
Firecracker,2020-12-28 05:32:57,Sonthofen
"Castle of Cloads, The (Pilvilinna)",2021-11-14 10:53:11,Immenstadt
To the Devil a Daughter,2020-03-22 21:34:51,Sonthofen
'Salem's Lot,2021-04-07 11:52:15,Sonthofen
"Lady in Red, The",2021-05-27 06:37:54,Immenstadt
Dragnet,2020-11-24 05:32:08,Immenstadt
Black Eagle,2020-05-12 09:09:34,Sonthofen
Bells of Innocence,2022-02-23 01:20:15,Sonthofen
At Any Price,2020-06-24 19:10:24,Immenstadt
Mr. Baseball,2022-02-22 19:10:02,Sonthofen
Strawberry and Chocolate (Fresa y chocolate),2022-01-31 15:59:17,Sonthofen
Badman's Territory,2020-05-26 11:34:04,Sonthofen
Wuthering Heights,2020-11-05 03:46:26,Sonthofen
"Cat and the Canary, The",2020-09-29 13:50:21,Immenstadt
Circus,2021-11-20 18:16:52,Immenstadt
"Apple, The",2020-08-29 03:56:58,Sonthofen
Taxi 3,2022-03-28 03:20:43,Immenstadt
Movie Crazy,2021-03-09 08:24:38,Immenstadt
Tombstone,2020-05-18 00:03:17,Sonthofen
"Wedding Banquet, The (Xi yan)",2020-10-01 19:15:14,Sonthofen
Trailer Park Boys: Don't Legalize It,2022-04-06 15:49:32,Sonthofen
"Bourne Legacy, The",2020-04-02 05:07:56,Immenstadt
Wuthering Heights,2020-10-01 08:50:03,Sonthofen
Hamlet,2020-05-18 00:12:31,Immenstadt
Stars,2022-04-30 14:45:40,Sonthofen
Brigadoon,2020-06-25 03:22:30,Sonthofen
"So Normal (Normais, Os)",2021-07-15 13:12:56,Sonthofen
"Sign of Leo, The (Signe du lion, Le)",2020-07-27 10:44:26,Immenstadt
Where the Wild Things Are,2021-08-20 08:33:29,Sonthofen
Divorce - Italian Style (Divorzio all'italiana),2021-10-01 17:49:05,Sonthofen
Careful,2020-10-16 21:54:23,Sonthofen
Straightheads (Closure),2020-04-15 01:04:35,Immenstadt
Lost & Found,2020-10-09 14:43:35,Immenstadt
Out in the Dark,2021-03-25 01:14:21,Immenstadt
Madame Sousatzka,2020-08-07 15:09:31,Sonthofen
"Messenger, The (Ulak)",2020-06-28 14:00:50,Immenstadt
Lower City (Cidade Baixa),2022-06-10 23:35:30,Sonthofen
Bombshell,2022-01-02 08:39:53,Sonthofen
"Yards, The",2021-11-01 14:45:53,Immenstadt
Sixteen Candles,2022-06-22 23:32:58,Immenstadt
Very Good Girls,2020-06-15 03:55:31,Immenstadt
Just Like Us,2021-01-03 01:46:21,Sonthofen
It,2022-06-27 14:19:59,Sonthofen
Madonna of the Seven Moons,2021-03-14 23:01:49,Sonthofen
"Rescuers, The",2022-03-10 22:38:49,Sonthofen
Village of the Giants,2021-08-30 17:20:59,Sonthofen
La Belle équipe,2022-07-13 21:43:59,Sonthofen
House of 1000 Corpses,2022-07-02 00:34:54,Sonthofen
Apartment Zero,2020-06-19 19:45:20,Immenstadt
Garfield's Halloween Adventure,2021-10-09 04:14:03,Sonthofen
Grace Is Gone,2020-12-20 08:47:56,Sonthofen
Antz,2020-12-27 11:06:00,Immenstadt
Blind Date,2022-01-26 05:24:12,Sonthofen
"Sound of Fury, The",2022-06-21 04:48:14,Sonthofen
Scooby-Doo! and the Witch's Ghost,2021-08-24 19:31:04,Sonthofen
Storage 24,2022-06-07 22:37:56,Immenstadt
Ballast,2020-06-02 09:08:52,Immenstadt
Angels in the Outfield,2021-01-02 23:18:40,Immenstadt
Playing,2021-05-31 08:26:51,Immenstadt
High Art,2020-03-23 11:03:11,Sonthofen
Record of a Tenement Gentleman (Nagaya shinshiroku),2021-09-05 14:21:07,Sonthofen
Miami Vice,2021-08-20 06:28:18,Immenstadt
Alone (Issiz adam),2021-03-01 11:21:37,Sonthofen
The Magnificent Gladiator,2021-05-18 11:18:04,Immenstadt
Katatsumori,2021-09-29 01:41:08,Immenstadt
Encore,2021-06-07 14:02:33,Sonthofen
By the Sea,2021-06-29 16:09:26,Sonthofen
Jacqueline Susann's Once Is Not Enough,2020-09-12 09:25:49,Immenstadt
Arachnophobia,2021-04-16 19:50:34,Sonthofen
Satan's Tango (Sátántangó),2022-04-25 03:35:57,Sonthofen
"Unborn, The",2020-06-24 19:19:33,Sonthofen
Southern Comfort,2022-05-08 21:04:15,Immenstadt
Shark Alarm at Müggelsee (Hai Alarm am Müggelsee),2020-05-22 04:24:40,Immenstadt
"Walk in the Clouds, A",2022-04-09 08:39:08,Immenstadt
There Goes My Heart,2021-10-25 21:29:37,Sonthofen
Ladyhawke,2021-04-09 02:37:37,Sonthofen
Constantine's Sword,2020-11-20 13:00:37,Immenstadt
"Other Woman, The",2021-06-27 16:41:17,Immenstadt
Ghost in the Machine (a.k.a. Deadly Terror),2021-09-18 21:02:52,Immenstadt
Nazarin (Nazarín),2021-04-08 05:37:05,Sonthofen
Gigli,2021-08-01 10:26:39,Sonthofen
No One Dies in Lily Dale,2021-04-21 09:34:03,Immenstadt
Paradox,2021-08-12 08:35:27,Sonthofen
Play Dirty,2021-11-02 01:28:32,Sonthofen
Losin' It,2022-07-03 05:39:51,Sonthofen
"Milky Way, The (Voie lactée, La)",2021-07-02 15:09:57,Immenstadt
"Cabinet of Dr. Caligari, The (Cabinet des Dr. Caligari., Das)",2021-07-24 23:15:31,Sonthofen
Chill,2020-12-07 09:29:00,Sonthofen
"Deal, The",2020-03-30 21:17:00,Sonthofen
Björk at the Royal Opera House,2020-08-20 08:40:04,Sonthofen
Alien Outpost,2022-05-06 05:24:13,Immenstadt
Grande école,2022-05-23 06:01:47,Sonthofen
America the Beautiful 2: The Thin Commandments ,2020-07-24 18:48:28,Sonthofen
Return to Paradise,2020-10-19 00:06:50,Sonthofen
Unmade Beds,2022-01-19 20:34:12,Sonthofen
Mad Love,2020-04-29 08:55:23,Sonthofen
Emil i Lönneberga,2021-01-01 07:33:54,Sonthofen
Glengarry Glen Ross,2020-04-11 15:50:47,Immenstadt
Microphone,2021-09-22 08:25:45,Immenstadt
Class,2022-06-07 20:21:34,Sonthofen
"Heavenly Body, The",2021-09-30 04:51:18,Immenstadt
Hotel Very Welcome,2020-10-01 08:36:40,Sonthofen
120,2020-06-21 18:16:50,Sonthofen
The End of the Tour,2021-09-10 03:56:54,Sonthofen
Free Willy 3: The Rescue,2021-11-10 11:10:05,Immenstadt
The Beales of Grey Gardens,2020-12-29 06:31:15,Immenstadt
112 Weddings,2021-01-15 21:54:12,Immenstadt
Normal Life,2021-05-11 19:00:26,Immenstadt
Drummer-Crab (Le Crabe-Tambour),2021-08-18 23:18:39,Sonthofen
Switching Goals,2020-09-19 06:37:13,Sonthofen
Clubbed,2021-08-14 08:44:41,Sonthofen
Hedwig and the Angry Inch,2020-05-01 00:54:26,Sonthofen
Road Hard,2020-03-14 12:19:32,Sonthofen
Dead Silence,2022-01-28 19:34:26,Immenstadt
Raiders From Beneath the Sea,2020-12-28 11:30:15,Immenstadt
Stoker,2021-08-06 08:27:21,Immenstadt
"Quiet Room, The",2021-09-12 06:56:46,Immenstadt
Mogambo,2020-06-22 11:48:55,Sonthofen
Babylon 5: The Gathering,2021-03-03 13:08:39,Immenstadt
Contraband,2020-06-04 08:20:37,Immenstadt
Viy,2021-08-26 14:22:46,Immenstadt
Bells from the Deep,2021-08-14 03:25:09,Sonthofen
The Package,2021-03-04 18:35:09,Sonthofen
"Heartbreak Kid, The",2020-10-25 10:36:40,Sonthofen
Before the Rain (Pred dozhdot),2020-11-05 22:06:26,Sonthofen
"Time Masters (Maîtres du temps, Les)",2021-09-13 18:09:47,Sonthofen
Rolling,2020-03-13 14:35:14,Sonthofen
Don't Tell Mom the Babysitter's Dead,2022-03-18 21:03:17,Immenstadt
"Mother of Tears: The Third Mother (Terza madre, La)",2022-05-19 15:01:00,Sonthofen
Tamara Drewe,2021-02-04 19:25:07,Immenstadt
Delta Force 2 (Delta Force 2: The Colombian Connection),2021-10-28 10:35:00,Immenstadt
Glue,2021-07-01 13:10:42,Sonthofen
Wal-Mart: The High Cost of Low Price,2021-04-25 21:20:11,Immenstadt
"Fearless Vampire Killers, The",2022-03-14 02:09:22,Immenstadt
War of the Worlds 2: The Next Wave,2021-03-11 13:06:17,Immenstadt
George Harrison: Living in the Material World,2022-06-04 20:32:25,Sonthofen
Wrong Turn,2022-05-07 11:57:09,Sonthofen
High Noon,2020-08-26 15:24:56,Sonthofen
Torso,2021-08-05 18:45:01,Immenstadt
Café Metropole,2022-01-13 17:55:50,Immenstadt
Santa Who?,2021-08-27 11:15:04,Immenstadt
"Bleeding, The",2022-03-29 23:48:56,Immenstadt
Easy Money (Snabba Cash),2021-06-05 10:04:08,Immenstadt
Race the Sun,2022-01-13 01:42:51,Sonthofen
Everybody's Got Somebody... Not Me,2020-07-06 15:08:39,Sonthofen
The Ghosts in Our Machine,2020-05-20 03:37:25,Sonthofen
Houseguest,2020-10-14 09:16:02,Sonthofen
"NeverEnding Story II: The Next Chapter, The",2020-11-27 06:18:55,Sonthofen
Any Day Now,2020-04-01 18:19:30,Immenstadt
Kiss and Make-Up,2021-02-02 03:13:39,Immenstadt
Deathwatch,2022-05-19 04:53:26,Sonthofen
"Scene at the Sea, A (Ano natsu, ichiban shizukana umi)",2020-04-22 23:34:35,Sonthofen
Tenchi: The Samurai Astronomer,2021-08-25 12:26:34,Immenstadt
Legally Blonde,2021-07-13 03:46:35,Immenstadt
Taken 3,2022-05-06 23:17:27,Immenstadt
Trick or Treat,2021-06-11 13:54:38,Sonthofen
Citizen Cohn,2020-12-24 01:17:21,Sonthofen
Knight of Cups,2022-01-20 18:20:14,Immenstadt
Money Train,2022-02-08 21:52:33,Immenstadt
All Over Me,2020-05-23 23:56:01,Sonthofen
King David,2022-03-26 15:30:05,Sonthofen
The Amazing Screw-On Head,2020-11-29 08:12:43,Immenstadt
"Happiest Millionaire, The",2022-06-02 19:19:59,Immenstadt
"Pandora's Box (Büchse der Pandora, Die)",2022-05-26 23:09:02,Sonthofen
"Dead Hate the Living!, The",2022-03-14 05:40:01,Immenstadt
Dancing in September,2021-12-17 10:36:34,Sonthofen
All These Women (För att inte tala om alla dessa kvinnor),2022-03-29 00:04:23,Sonthofen
Iris,2022-06-20 01:08:37,Immenstadt
Hammer of the Gods,2021-10-27 18:42:23,Sonthofen
Shara (Sharasojyu),2021-10-10 14:08:02,Sonthofen
Don't Give Up the Ship,2021-12-16 08:17:31,Immenstadt
Lucky Night,2021-07-26 16:05:21,Immenstadt
"Pervert's Guide to Cinema, The",2020-04-03 07:39:39,Immenstadt
"Grave, The",2022-04-07 12:01:44,Immenstadt
Under the Sun of Satan (Sous le soleil de Satan),2022-05-01 04:53:19,Immenstadt
Heavenly Forest,2021-06-10 19:47:58,Immenstadt
Violence at Noon (Hakuchu no torima),2021-06-28 14:17:30,Sonthofen
Chromophobia,2020-10-14 12:44:14,Sonthofen
Darkness Falls,2021-11-22 05:21:49,Immenstadt
Manual of Love 2 (Manuale d'amore (capitoli successivi)),2020-12-11 16:02:30,Immenstadt
Wuthering Heights,2021-01-07 11:47:54,Immenstadt
Freeheld,2021-08-24 10:44:18,Sonthofen
Everyday People,2021-07-13 00:14:34,Sonthofen
Paris,2020-05-05 18:35:26,Sonthofen
Eat,2020-05-13 11:23:26,Immenstadt
Gorilla at Large,2022-04-22 00:14:26,Immenstadt
Cottage Country,2021-07-12 03:58:22,Immenstadt
"Adventures of Huckleberry Finn, The",2021-10-08 04:35:06,Sonthofen
Futuresport,2020-10-19 18:42:54,Immenstadt
Guinevere,2021-03-15 07:09:41,Sonthofen
Timbuktu,2020-05-19 05:27:02,Sonthofen
"Eye, The (Gin gwai) (Jian gui)",2022-03-03 00:26:36,Sonthofen
Food of Love (Manjar de Amor),2020-09-01 21:42:44,Sonthofen
Little Lord Fauntleroy,2022-07-10 09:04:00,Sonthofen
Phantom Pain,2020-04-03 04:27:54,Immenstadt
Viridiana,2022-01-16 09:25:26,Immenstadt
Breaking the Surface: The Greg Louganis Story,2020-10-20 03:19:47,Sonthofen
Hammett,2021-03-09 18:55:52,Sonthofen
Anzio,2021-04-10 22:41:59,Immenstadt
Wind Across the Everglades,2021-06-07 10:20:36,Sonthofen
54,2020-06-15 12:22:46,Immenstadt
Colour Me Kubrick: A True...ish Story,2021-03-13 19:58:20,Sonthofen
Kids in America,2022-07-10 11:49:33,Sonthofen
Willow Creek,2020-06-30 23:24:47,Immenstadt
Jet Pilot,2021-03-14 09:37:14,Sonthofen
Let's Make Love,2021-05-05 09:44:13,Immenstadt
Mr. Vampire (Geung si sin sang),2021-04-07 02:01:36,Sonthofen
"Maid, The (Nana, La)",2020-08-30 06:13:44,Immenstadt
City of Fear,2020-03-30 13:52:23,Sonthofen
"Way South, The (De weg naar het zuiden)",2020-10-18 19:20:39,Immenstadt
Confessions of a Gangsta,2020-08-25 07:46:27,Sonthofen
Pooh's Heffalump Movie,2021-03-05 12:08:51,Immenstadt
Turn It Up,2020-09-18 18:59:13,Immenstadt
Praying with Lior,2021-09-12 14:46:40,Sonthofen
Halloween 5: The Revenge of Michael Myers,2021-06-04 17:03:42,Sonthofen
Sea of Love,2020-12-29 23:57:36,Sonthofen
Paprika (Papurika),2021-06-02 14:13:17,Sonthofen
Manon of the Spring,2022-01-24 18:45:52,Immenstadt
The Prince,2022-02-05 19:01:17,Immenstadt
Adam and Dog,2021-05-20 06:53:23,Immenstadt
Ricky & Barabba,2020-11-29 12:10:21,Immenstadt
True Romance,2020-09-03 13:32:14,Immenstadt
Long Way Round,2021-06-03 00:04:05,Immenstadt
Charleston,2021-11-28 09:42:57,Sonthofen
Kevin Nealon: Now Hear Me Out!,2021-03-05 06:27:30,Immenstadt
American Teen,2020-10-19 10:31:09,Immenstadt
"Heart of Me, The",2021-12-09 16:20:02,Sonthofen
House of Strangers,2022-03-13 10:37:19,Immenstadt
Daylight Robbery,2021-11-27 22:20:53,Immenstadt
Thieves' Highway,2020-07-13 13:41:58,Immenstadt
Dieta mediterránea,2021-01-08 23:56:03,Sonthofen
Trial by Jury,2021-08-02 10:50:20,Immenstadt
Beauty Prize,2022-04-18 16:39:04,Immenstadt
"Zidane: A 21st Century Portrait (Zidane, un portrait du 21e siècle)",2020-04-13 06:48:34,Immenstadt
Bird of Paradise,2021-02-13 06:10:56,Immenstadt
"Stoning of Soraya M., The",2022-02-09 14:06:42,Immenstadt
"Construction, The (En construcción)",2021-12-07 15:21:36,Sonthofen
"Wipers Times, The",2020-12-29 19:01:36,Immenstadt
"Hottest State, The",2021-10-23 23:38:22,Immenstadt
Public Access,2022-04-17 16:27:41,Immenstadt
"Wanderers, The",2022-03-11 05:29:41,Immenstadt
Matti: Hell Is for Heroes (Matti),2022-03-26 14:12:52,Sonthofen
Father of the Bride,2022-07-11 00:38:05,Sonthofen
Dreamchild,2022-07-01 13:11:29,Sonthofen
The Joy of Living,2022-06-28 04:39:40,Immenstadt
Symmetry (Symetria),2021-12-29 13:20:56,Immenstadt
"Spider Baby or, The Maddest Story Ever Told (Spider Baby)",2020-08-29 15:58:32,Immenstadt
Made for Each Other,2021-04-07 08:57:06,Sonthofen
Monterey Pop,2022-03-28 11:07:42,Sonthofen
Time and Tide (Seunlau Ngaklau),2020-05-16 10:38:54,Sonthofen
Forklift Driver Klaus: The First Day on the Job,2021-06-16 20:27:32,Sonthofen
Coco Chanel & Igor Stravinsky,2022-03-27 14:06:15,Immenstadt
Cry Wolf,2022-07-01 10:27:09,Immenstadt
Abraham,2020-07-11 14:02:31,Immenstadt
Iron Eagle,2021-08-20 08:46:48,Sonthofen
Before Your Eyes (Min Dit: The Children of Diyarbakir),2022-07-03 00:23:15,Sonthofen
We Were Here,2020-03-22 18:44:51,Immenstadt
The Deep Six,2022-04-06 08:11:41,Immenstadt
Before the Rain (Pred dozhdot),2021-11-10 23:42:49,Immenstadt
Gunless,2021-12-22 12:57:53,Sonthofen
Opera,2021-11-28 01:34:35,Immenstadt
Effi Briest (Fontane - Effi Briest),2022-01-07 05:40:56,Immenstadt
"Killing of Sister George, The",2021-11-27 20:53:20,Sonthofen
Reckless,2020-03-10 11:40:15,Sonthofen
Guantanamera,2021-10-31 07:42:10,Sonthofen
Yeh Jawaani Hai Deewani,2021-11-09 12:58:40,Sonthofen
Ingenious,2021-02-22 13:42:59,Immenstadt
Copycat,2022-04-03 04:27:16,Sonthofen
Once,2021-01-10 10:14:32,Immenstadt
"Covenant, The",2022-04-28 11:08:46,Immenstadt
"Descent, The",2021-10-13 14:30:13,Sonthofen
Good Luck. And Take Care of Each Other,2020-09-18 10:42:52,Immenstadt
Prince of Persia: The Sands of Time,2021-04-10 23:52:21,Immenstadt
For Heaven's Sake,2021-01-31 18:34:53,Sonthofen
Dear Jesse,2020-07-14 01:51:26,Sonthofen
House of Cards,2021-03-02 12:09:49,Sonthofen
Deciduous Tree (Tree Without Leaves) (Rakuyôju),2021-07-01 11:11:31,Immenstadt
Behind the Candelabra,2020-05-07 05:02:54,Sonthofen
This Special Friendship (Les amitiés particulières),2022-02-24 08:15:11,Sonthofen
The Hearts of Age,2022-06-22 05:41:18,Sonthofen
"Iceman, The",2022-03-11 15:47:14,Immenstadt
"Murder of Fred Hampton, The",2020-09-28 20:32:30,Sonthofen
Rosetta,2020-05-05 18:29:39,Sonthofen
Americano,2020-07-29 23:16:46,Sonthofen
Pekka ja Pätkä puistotäteinä,2021-05-07 18:14:49,Sonthofen
Come and See (Idi i smotri),2021-12-23 22:32:15,Sonthofen
Air Force One,2020-07-22 09:11:54,Sonthofen
Skinwalkers,2021-11-03 14:19:50,Immenstadt
"Last Dragon, The",2021-04-16 17:36:31,Immenstadt
Pandora and the Flying Dutchman,2020-06-01 16:58:25,Sonthofen
"Return, The (Vozvrashcheniye)",2021-08-04 20:48:52,Sonthofen
"Desert Fox, The",2020-04-30 06:47:37,Immenstadt
"Disappearance of Alice Creed, The",2020-04-26 15:09:27,Immenstadt
Almighty Thor,2021-02-20 03:06:23,Immenstadt
A Summer in La Goulette,2021-01-20 23:35:35,Immenstadt
"Harvest/La Cosecha, The",2020-05-24 16:35:10,Sonthofen
Crime at Porta Romana,2021-01-15 13:51:51,Immenstadt
Body and Soul,2021-12-26 19:40:43,Sonthofen
Mission London,2021-03-02 17:31:38,Sonthofen
Concussion,2020-03-06 22:52:25,Immenstadt
Dear Wendy,2020-04-01 04:06:13,Sonthofen
Paddington,2022-07-10 15:04:52,Sonthofen
Mr. Untouchable,2021-11-22 06:01:03,Sonthofen
Modern Boy (Modeon boi),2021-06-07 21:06:40,Immenstadt
"Deadly Trap, The (La maison sous les arbres)",2020-11-23 11:04:10,Sonthofen
In the Name of the King III,2020-07-14 01:37:02,Sonthofen
The Reverse,2020-03-20 21:01:33,Sonthofen
Thieves Like Us,2021-05-08 16:33:35,Immenstadt
"Lost Embrace (Abrazo partido, El)",2020-10-23 05:05:20,Immenstadt
Man Made Monster,2022-05-08 02:43:54,Sonthofen
Gung Ho! (Gung Ho!: The Story of Carlson's Makin Island Raiders),2021-03-17 02:54:32,Sonthofen
"War Comes to America (Why We Fight, 7)",2021-11-15 00:02:33,Sonthofen
"Playboys, The",2021-12-05 09:16:00,Immenstadt
Rudy,2021-06-01 23:54:42,Immenstadt
Dating the Enemy,2021-03-18 07:59:32,Immenstadt
"President's Man, The",2022-04-27 00:41:56,Sonthofen
Water for Elephants,2020-07-18 12:56:40,Immenstadt
Letters to Juliet,2021-10-18 14:26:59,Sonthofen
Tuya's Marriage (Tuya de hun shi),2021-05-19 01:55:09,Sonthofen
"Tür, Die (Door, The)",2020-06-14 03:29:19,Immenstadt
Nicky's Family,2022-05-22 23:40:57,Sonthofen
Malibu's Most Wanted,2020-08-01 08:33:17,Immenstadt
Uuno in Spain,2021-01-29 13:26:10,Sonthofen
"Thin Blue Lie, The",2022-05-20 17:32:46,Immenstadt
Ong-Bak: The Thai Warrior (Ong Bak),2021-04-27 11:31:38,Immenstadt
"Arrested Development Documentary Project, The",2022-07-18 23:35:33,Immenstadt
No Mercy (Yongseoneun Eupda),2022-01-06 19:00:28,Immenstadt
Sundome,2021-10-10 21:54:01,Immenstadt
God on Trial,2021-03-09 11:32:41,Sonthofen
Hollywood Shuffle,2022-04-21 12:40:34,Sonthofen
"Bleeding House, The",2020-05-10 17:08:38,Sonthofen
"Girasoli, I (Sunflower)",2021-01-10 02:51:40,Sonthofen
Chocolate Strawberry Vanilla,2020-12-23 14:55:30,Sonthofen
Verbo,2021-02-12 02:47:13,Sonthofen
Year of the Carnivore,2020-06-24 00:18:36,Immenstadt
Every Day,2021-04-28 00:56:32,Immenstadt
Three Kings,2021-10-03 06:14:37,Sonthofen
Sphere,2021-04-20 10:26:38,Immenstadt
Tarzan's Magic Fountain,2021-02-24 18:02:44,Sonthofen
Medea,2021-07-29 14:33:50,Immenstadt
Smoke Signals,2021-03-13 13:28:25,Sonthofen
"Klansman, The",2022-06-05 17:24:52,Immenstadt
"American Werewolf in London, An",2021-01-31 16:23:17,Sonthofen
Postcards From the Edge,2020-08-14 19:29:19,Immenstadt
Dirty Wars,2021-06-30 16:07:59,Immenstadt
Escape Fire: The Fight to Rescue American Healthcare,2021-04-26 16:32:29,Sonthofen
"Time Masters (Maîtres du temps, Les)",2021-11-10 11:02:16,Sonthofen
"Lost Boys, The",2020-09-11 18:43:20,Sonthofen
Miranda,2020-07-29 20:07:36,Sonthofen
Body of Evidence,2020-11-09 19:02:59,Sonthofen
[REC]³ 3 Génesis,2022-06-08 05:47:04,Sonthofen
"Amityville Horror, The",2021-09-13 23:44:31,Sonthofen
"Puffy Chair, The",2021-04-16 05:16:53,Immenstadt
Thomas Pynchon: A Journey into the Mind of P.,2021-07-14 06:27:27,Sonthofen
Aurora,2022-04-28 18:31:36,Immenstadt
"Testament of Orpheus, The (Testament d'Orphée)",2022-06-28 18:48:43,Sonthofen
Submarine,2022-01-27 01:47:43,Immenstadt
The Halloween That Almost Wasn't,2020-03-14 02:54:53,Sonthofen
"Hunted, The",2022-05-27 08:14:18,Immenstadt
Amish Grace,2020-07-10 12:50:19,Immenstadt
"Notorious Bettie Page, The",2022-05-15 17:55:34,Sonthofen
Youth of the Son,2021-05-03 20:44:04,Immenstadt
House,2021-06-15 01:05:19,Sonthofen
Morgan Stewart's Coming Home,2021-09-28 19:17:59,Sonthofen
Walk on the Wild Side,2021-09-06 09:30:08,Immenstadt
"Sadness of Sex, The",2021-03-12 02:51:16,Sonthofen
First Person Plural,2021-01-13 16:56:35,Immenstadt
Book of Shadows: Blair Witch 2,2020-07-02 13:33:43,Immenstadt
Undead,2021-12-29 03:18:38,Sonthofen
Fire Over England,2021-09-02 10:48:05,Sonthofen
Vera Drake,2020-03-08 09:27:19,Immenstadt
"Magic of Ordinary Days, The",2021-02-06 15:47:00,Immenstadt
Any Given Sunday,2020-08-01 01:05:28,Sonthofen
"Front Page, The",2020-06-09 18:22:26,Immenstadt
"Great Stone Face, The",2020-04-02 23:59:39,Sonthofen
I Am Waiting (Ore wa matteru ze),2020-06-02 19:42:46,Immenstadt
I Am Sam,2020-05-20 16:25:20,Sonthofen
Creation,2022-06-12 16:50:26,Immenstadt
"Avengers, The",2020-03-30 00:36:21,Immenstadt
"Left-Hand Side of the Fridge, The (Moitié gauche du frigo, La)",2020-03-05 03:16:15,Sonthofen
Prison of the Dead,2020-08-13 03:11:56,Immenstadt
"Fox, The",2020-05-12 02:48:11,Sonthofen
Evidence,2020-12-09 01:01:09,Sonthofen
Twister,2022-05-23 09:09:26,Immenstadt
Angel in My Pocket,2021-08-20 12:09:36,Immenstadt
"Blood, Guts, Bullets and Octane",2020-11-22 03:26:35,Immenstadt
"Remains of the Day, The",2021-11-23 01:39:24,Sonthofen
Carcasses,2021-09-15 09:07:21,Immenstadt
"3, 2, 1... Frankie Go Boom (Frankie Go Boom)",2020-08-11 01:49:18,Immenstadt
Sniper 2,2020-05-11 14:43:42,Sonthofen
"Proud Valley, The",2020-08-10 08:35:25,Sonthofen
So Close (Chik Yeung Tin Sai),2020-10-20 14:57:25,Sonthofen
"Park Is Mine, The",2022-02-16 15:43:23,Sonthofen
Joan Rivers: A Piece of Work,2020-08-25 13:10:15,Sonthofen
Memphis Belle,2022-04-02 03:11:46,Immenstadt
Coming Apart,2021-02-22 08:41:01,Sonthofen
Whole,2021-04-08 08:06:22,Sonthofen
"Barchester Chronicles, The",2021-06-27 14:14:58,Sonthofen
Night of the Zombies (a.k.a. Hell of the Living Dead) (Virus),2022-01-27 00:45:12,Immenstadt
Oliver Twist,2022-06-05 13:07:46,Sonthofen
Children Underground,2022-03-06 16:23:42,Immenstadt
"No Retreat, No Surrender 2: Raging Thunder",2021-06-08 10:48:53,Sonthofen
Dr. Seuss' The Lorax,2021-01-22 09:40:18,Sonthofen
Alien Autopsy,2020-08-31 14:07:38,Sonthofen
The Brave Little Toaster Goes to Mars,2022-06-19 15:22:15,Sonthofen
Aberdeen,2021-01-08 07:44:42,Immenstadt
"Billy Blazes, Esq.",2021-10-14 10:58:50,Immenstadt
Dark Command,2020-03-09 22:58:31,Immenstadt
"Moment After 2, The: The Awakening",2021-08-24 13:28:57,Immenstadt
At Long Last Love,2021-06-18 21:24:35,Immenstadt
Kings of the Road (Im Lauf der Zeit),2022-06-07 12:39:26,Sonthofen
"Hours, The",2021-10-26 06:11:41,Sonthofen
Rolling Family (Familia rodante),2020-05-30 01:36:17,Immenstadt
Stuart Little,2022-06-24 18:17:30,Sonthofen
Chicago Massacre: Richard Speck,2022-03-22 19:30:34,Sonthofen
To the Sea (Alamar),2020-10-11 00:37:00,Immenstadt
Alice Upside Down (Alice),2020-11-26 16:09:37,Sonthofen
Blind Fury,2020-09-25 14:01:37,Sonthofen
"Unknown Known, The",2020-05-12 14:18:12,Immenstadt
A Pigeon Sat on a Branch Reflecting on Existence,2022-04-19 18:43:13,Immenstadt
"Ron Clark Story, The",2021-12-13 17:48:38,Sonthofen
Best Seller,2022-06-27 03:58:02,Immenstadt
Oblivion,2022-02-24 08:24:58,Immenstadt
Three Colors: Blue (Trois couleurs: Bleu),2020-05-20 15:49:44,Sonthofen
I Start Counting,2020-05-25 21:20:05,Sonthofen
Por un puñado de besos,2021-10-08 07:54:38,Immenstadt
Nocturna Artificialia,2021-12-10 07:25:12,Immenstadt
Fraternity Demon,2020-03-29 17:55:10,Sonthofen
Pride,2021-01-30 01:18:33,Immenstadt
Ernest Goes to Camp,2020-07-21 23:40:05,Immenstadt
"Stand, The",2021-01-30 11:46:18,Sonthofen
"Pirate Movie, The",2021-07-28 07:39:26,Immenstadt
"1000 Eyes of Dr. Mabuse, The (Die 1000 Augen des Dr. Mabuse)",2021-09-22 16:35:09,Sonthofen
Blind Horizon,2022-06-10 20:26:05,Sonthofen
Drum,2022-04-29 04:40:08,Sonthofen
American Swing,2021-04-20 01:55:58,Sonthofen
Ong-Bak 2: The Beginning (Ong Bak 2),2020-04-10 07:51:48,Immenstadt
Árido Movie,2021-01-11 21:15:40,Immenstadt
"Knack ...and How to Get It, The",2020-06-22 20:42:37,Sonthofen
"Russell Peters: Red, White and Brown",2022-07-19 13:15:59,Sonthofen
Man on the Flying Trapeze,2020-08-09 21:31:16,Sonthofen
Out of the Clear Blue Sky,2022-07-17 16:58:11,Sonthofen
2010: Moby Dick,2020-05-18 20:10:52,Immenstadt
Kidulthood,2021-02-08 18:52:04,Immenstadt
Autumn Sonata (Höstsonaten),2021-09-13 02:03:26,Immenstadt
"Kings of Mykonos, The",2021-05-20 08:29:16,Immenstadt
Just Visiting,2022-06-01 07:18:24,Immenstadt
Crips and Bloods: Made in America,2022-01-13 16:51:09,Sonthofen
Ladies They Talk About,2020-11-18 11:56:31,Sonthofen
"Prince & Me II: The Royal Wedding, The",2022-07-18 16:05:22,Sonthofen
ZMD: Zombies of Mass Destruction,2021-08-31 21:31:18,Immenstadt
Not Suitable for Children,2021-08-11 00:17:59,Immenstadt
"Wizard of Baghdad, The",2020-06-26 20:54:03,Immenstadt
Wallace & Gromit: The Wrong Trousers,2022-07-07 16:56:20,Immenstadt
Small Town Gay Bar,2022-04-28 08:10:42,Immenstadt
Everything Put Together,2022-04-29 18:02:17,Immenstadt
Trouble Man,2021-12-08 07:31:07,Immenstadt
Stonehearst Asylum,2020-05-27 23:52:29,Sonthofen
All the President's Men,2021-09-04 23:26:33,Immenstadt
Kermit's Swamp Years,2020-11-14 15:27:05,Immenstadt
Rabbit,2022-03-05 23:38:43,Sonthofen
Hot Coffee,2020-05-29 03:20:07,Sonthofen
Lulu in Berlin,2020-06-24 23:31:07,Immenstadt
Stray Dog (Nora inu),2021-04-10 01:26:12,Immenstadt
"Tomb, The",2022-05-19 18:39:09,Sonthofen
Zift,2021-02-22 07:27:33,Immenstadt
Porco Rosso (Crimson Pig) (Kurenai no buta),2021-12-08 06:42:36,Sonthofen
"Gas, Inspector Palmu! (Kaasua, komisario Palmu!)",2021-04-07 09:25:32,Immenstadt
Upperworld,2021-07-01 02:49:42,Sonthofen
Our Man in Havana,2021-06-16 03:19:36,Sonthofen
Highway to Hell,2021-01-12 08:32:07,Immenstadt
Stray Cat Rock: Delinquent Girl Boss (Nora-neko rokku: Onna banchô),2020-04-13 10:08:00,Immenstadt
Room at the Top,2021-11-04 02:09:13,Sonthofen
London,2021-04-10 16:43:34,Immenstadt
Tigrero: A Film That Was Never Made,2021-06-01 20:04:05,Sonthofen
